{"cameraMode":{"drawMode":0,"name":"Shaded","section":"Shading Mode"},"sceneLighting":false,"audioPlay":false,"sceneViewState":{"showFog":true,"showMaterialUpdate":false,"showSkybox":false,"showFlares":true,"showImageEffects":true,"showParticleSystems":true},"in2DMode":false,"pivot":{"x":1.0130645036697388,"y":0.9052010774612427,"z":-0.1498168706893921},"rotation":{"x":-0.0070281862281262878,"y":0.3801785111427307,"z":-0.002888930030167103,"w":-0.9248836040496826},"size":2.1981124877929689,"orthographic":false}